amfi_code,tracking_error
119598,0.2838814541332667
120843,0.20642496841144062
148567,0.1896636779215802
125498,0.2235920824296721
101207,0.2921174251929163
